code,name,description,category,url,public-database
AD-COA,,,AD,https://gov-id-finder.codeforiati.org/countries/AD/,False
AE-ACCI,,,AE,https://www.ajmanchamber.ae/en/Pages/default.aspx,False
AE-ADCD,,,AE,http://www.abudhabichamber.ae/English/E-Services/Pages/EServices-Page.aspx?sm=1&ty=s,False
AE-AFZ,,,AE,http://www.afz.gov.ae/,False
AE-COA,,,AE,https://gov-id-finder.codeforiati.org/countries/AE/,False
AE-DCCI,,,AE,http://www.dcciinfo.com/,False
AE-DFSA,,,AE,https://www.dfsa.ae/Public-Register/Firm,False
AE-DIFC,,,AE,https://www.difc.ae/public-register,False
AE-DMCC,,,AE,https://www.dmcc.ae/,False
AE-FCCI,,,AE,http://www.fujcci.ae/,False
AE-FFZ,,,AE,http://www.fujairahfreetradezone.com/appdir/company-listing.php,False
AE-HFZA,,,AE,http://www.hfza.ae/en-us/directory.aspx,False
AE-RAKIA,,,AE,https://www.rakez.com,False
AE-RK_CR,,,AE,http://www.rakchamber.ae/,False
AE-SAIF,,,AE,http://www.saif-zone.com/en/InvestorLounge/Pages/Investors.aspx,False
AE-SCCI,,,AE,http://www.sharjah.gov.ae/BusinessDirectory,False
AE-UQCCI,,,AE,http://www.uaqchamber.ae/,False
AF-CBR,,,AF,http://acbr.gov.af/,True
AF-COA,,,AF,http://www.budgetmof.gov.af/index.php/en/84-budget-execution-directorate/124-chart-of-accounts,True
AF-MOE,,,AF,http://moec.gov.af/en,False
AF-TIN,,,AF,https://www.acbrip.gov.af/companyverification/,True
AG-COA,,,AG,https://gov-id-finder.codeforiati.org/countries/AG/,False
AI-COA,,,AI,https://gov-id-finder.codeforiati.org/countries/AI/,False
AL-COA,,,AL,https://gov-id-finder.codeforiati.org/countries/AL/,False
AL-QKB,,,AL,http://www.qkr.gov.al,True
AM-COA,,,AM,https://gov-id-finder.codeforiati.org/countries/AM/,True
AM-SRALE,,,AM,https://www.e-register.am/,True
AO-COA,,,AO,https://gov-id-finder.codeforiati.org/countries/AO/,False
AQ-COA,,,AQ,https://gov-id-finder.codeforiati.org/countries/AQ/,False
AR-CENOC,,,AR,http://www.cenoc.gob.ar/,True
AR-COA,,,AR,https://gov-id-finder.codeforiati.org/countries/AR/,False
AR-CUIT,,,AR,,False
AS-COA,,,AS,https://gov-id-finder.codeforiati.org/countries/AS/,False
AT-COA,,,AT,https://gov-id-finder.codeforiati.org/countries/AT/,False
AT-FB,,,AT,https://www.justiz.gv.at/web2013/html/default/2c9484852308c2a601240b693e1c0860.de.html,True
AT-UID,,,AT,https://www.justiz.gv.at/web2013/html/default/2c9484852308c2a601240b693e1c0860.de.html,True
AT-ZVR,,,AT,https://www.bmi.gv.at/609/zvr.aspx,True
AU-ABN,,,AU,http://abr.business.gov.au/,False
AU-ACNC,,,AU,http://www.acnc.gov.au/ACNC/,False
AU-COA,,,AU,https://gov-id-finder.codeforiati.org/countries/AU/,False
AW-COA,,,AW,https://gov-id-finder.codeforiati.org/countries/AW/,False
AX-COA,,,AX,https://gov-id-finder.codeforiati.org/countries/AX/,False
AZ-COA,,,AZ,https://gov-id-finder.codeforiati.org/countries/AZ/,False
AZ-IVI,,,AZ,https://www.e-taxes.gov.az/ebyn/commersialChecker.jsp,True
BA-COA,,,BA,https://gov-id-finder.codeforiati.org/countries/BA/,False
BB-COA,,,BB,https://gov-id-finder.codeforiati.org/countries/BB/,False
BD-COA,,,BD,https://gov-id-finder.codeforiati.org/countries/BD/,True
BD-NAB,,,BD,http://www.ngoab.gov.bd,False
BD-ROC,,,BD,http://www.roc.gov.bd/,True
BE-BCE_KBO,,,BE,http://economie.fgov.be/fr/entreprises/BCE,False
BE-COA,,,BE,https://gov-id-finder.codeforiati.org/countries/BE/,False
BE-GTCF,,,BE,http://www.juridat.be/tribunal_commerce/bruxelles/index.htm,False
BF-COA,,,BF,https://gov-id-finder.codeforiati.org/countries/BF/,True
BF-MATD,,,BF,https://www.matd.gov.bf/accueil,False
BG-COA,,,BG,https://gov-id-finder.codeforiati.org/countries/BG/,False
BG-EIK,,,BG,https://public.brra.bg/CheckUps/Verifications/VerificationPersonOrg.ra,True
BH-COA,,,BH,https://gov-id-finder.codeforiati.org/countries/BH/,False
BI-COA,,,BI,https://gov-id-finder.codeforiati.org/countries/BI/,True
BI-NIF,,,BI,https://www.obr.bi/index.php/en/,True
BJ-COA,,,BJ,https://gov-id-finder.codeforiati.org/countries/BJ/,False
BJ-IFU,,,BJ,http://www.impots.finances.gouv.bj/tout-savoir-sur-lifu/,False
BL-COA,,,BL,https://gov-id-finder.codeforiati.org/countries/BL/,False
BM-COA,,,BM,https://gov-id-finder.codeforiati.org/countries/BM/,False
BN-COA,,,BN,https://gov-id-finder.codeforiati.org/countries/BN/,False
BO-CINS,,,BO,https://www.sicoes.gob.bo/portal/clasificadores/institucional.php,True
BO-COA,,,BO,https://gov-id-finder.codeforiati.org/countries/BO/,True
BO-NIT,,,BO,,False
BQ-COA,,,BQ,https://gov-id-finder.codeforiati.org/countries/BQ/,False
BR-CNPJ,,,BR,http://cnpj.info/,True
BR-COA,,,BR,https://gov-id-finder.codeforiati.org/countries/BR/,False
BS-COA,,,BS,https://gov-id-finder.codeforiati.org/countries/BS/,False
BT-COA,,,BT,https://gov-id-finder.codeforiati.org/countries/BT/,True
BV-COA,,,BV,https://gov-id-finder.codeforiati.org/countries/BV/,False
BW-CIPA,,,BW,http://www.cipa.co.bw/,True
BW-COA,,,BW,https://gov-id-finder.codeforiati.org/countries/BW/,False
BW-TIN,,,BW,http://www.burs.org.bw/,False
BY-ADR,,,BY,http://egr.gov.by/egrn/index.jsp?language=en,True
BY-COA,,,BY,https://gov-id-finder.codeforiati.org/countries/BY/,False
BZ-COA,,,BZ,https://gov-id-finder.codeforiati.org/countries/BZ/,False
CA-CC,,,CA,http://www.ic.gc.ca/eic/site/cd-dgc.nsf/eng/home,False
CA-COA,,,CA,https://gov-id-finder.codeforiati.org/countries/CA/,False
CA-CRA_ACR,,,CA,http://www.cra-arc.gc.ca/,False
CA-GOV,,,CA,http://open.canada.ca/data/en/dataset/22090865-f8a6-4b83-9bad-e9d61f26a821,True
CA_AB-ABT,,,CA,http://www.servicealberta.ca/Corporate_Registry.cfm,False
CA_BC-BRC_CBR,,,CA,http://www.bcregistryservices.gov.bc.ca/bcreg/corppg/index.page,False
CA_MB-MTB,,,CA,https://direct.gov.mb.ca/mbohtml/html/internet/en/mb_online.html,False
CA_NB-NWB_NOB,,,CA,https://www.pxw1.snb.ca/snb7001/e/2000/2500e.asp,False
CA_NL-NFL_TNL,,,CA,http://www.servicenl.gov.nl.ca/registries/companies.html,False
CA_NS-NVS_NVE,,,CA,http://novascotia.ca/sns/access/business/registry-joint-stock-companies.asp,False
CA_NT-NWT_TNO,,,CA,https://www.justice.gov.nt.ca/en/divisions/legal-registries-division/corporate-registries/,False
CA_NU-NNV,,,CA,http://nunavutlegalregistries.ca/cr_index_en.shtml,False
CA_ON-ONT,,,CA,https://www.ontario.ca/page/business-and-economy,False
CA_PE-PEI_IPE,,,CA,http://www.gov.pe.ca/corporations/index.php,False
CA_QC-QBC,,,CA,http://www.registreentreprises.gouv.qc.ca/,False
CA_SK-SKN,,,CA,http://www.isc.ca/CorporateRegistry/,False
CA_YT-YKT,,,CA,http://www.community.gov.yk.ca/corp/index.html,False
CC-COA,,,CC,https://gov-id-finder.codeforiati.org/countries/CC/,False
CD-COA,,,CD,https://gov-id-finder.codeforiati.org/countries/CD/,True
CD-MJDH,,,CD,http://droits-humains.gouv.cd/dh_ong_liste.html,True
CF-COA,,,CF,https://gov-id-finder.codeforiati.org/countries/CF/,True
CG-COA,,,CG,https://gov-id-finder.codeforiati.org/countries/CG/,False
CH-COA,,,CH,https://gov-id-finder.codeforiati.org/countries/CH/,False
CH-FDJP,,,CH,https://www.zefix.ch/de/search/entity/welcome,True
CH_BS-CR,,,CH,https://bs.chregister.ch/cr-portal/suche/suche.xhtml,True
CI-COA,,,CI,https://gov-id-finder.codeforiati.org/countries/CI/,True
CI-MOI,,,CI,http://interieur.gouv.ci/,False
CK-COA,,,CK,https://gov-id-finder.codeforiati.org/countries/CK/,False
CL-COA,,,CL,https://gov-id-finder.codeforiati.org/countries/CL/,False
CL-MP,,,CL,https://www.mercadopublico.cl/Home,True
CL-RUT,,,CL,http://www.chileproveedores.cl/,True
CM-COA,,,CM,https://gov-id-finder.codeforiati.org/countries/CM/,True
CM-NIU,,,CM,https://www.impots.cm/,True
CN-COA,,,CN,https://gov-id-finder.codeforiati.org/countries/CN/,False
CN-SAIC,,,CN,http://gsxt.saic.gov.cn/,False
CN-USCI,,,CN,http://ngo.mps.gov.cn/ngo/portal/toInfogs.do,True
CO-CCB,,,CO,http://www.ccb.org.co/,False
CO-COA,,,CO,https://gov-id-finder.codeforiati.org/countries/CO/,False
CO-RUE,,,CO,http://www.rues.org.co/RUES_Web/,False
CR-COA,,,CR,https://gov-id-finder.codeforiati.org/countries/CR/,False
CR-RPJ,,,CR,http://www.registronacional.go.cr/,True
CU-COA,,,CU,https://gov-id-finder.codeforiati.org/countries/CU/,False
CV-COA,,,CV,https://gov-id-finder.codeforiati.org/countries/CV/,False
CW-COA,,,CW,https://gov-id-finder.codeforiati.org/countries/CW/,False
CX-COA,,,CX,https://gov-id-finder.codeforiati.org/countries/CX/,False
CY-COA,,,CY,https://gov-id-finder.codeforiati.org/countries/CY/,False
CY-DRCOR,,,CY,https://efiling.drcor.mcit.gov.cy/DrcorPublic/Default.aspx?cultureInfo=en-AU,True
CZ-COA,,,CZ,https://gov-id-finder.codeforiati.org/countries/CZ/,False
CZ-DIC,,,CZ,http://www.kurzy.cz/dic/,True
CZ-ICO,,,CZ,http://wwwinfo.mfcr.cz/ares/ares_es.html.en,False
DE-COA,,,DE,https://gov-id-finder.codeforiati.org/countries/DE/,False
DE-CR,,,DE,https://www.handelsregister.de/rp_web/welcome.do,True
DJ-COA,,,DJ,https://gov-id-finder.codeforiati.org/countries/DJ/,False
DK-COA,,,DK,https://gov-id-finder.codeforiati.org/countries/DK/,False
DK-CVR,,,DK,https://datacvr.virk.dk/data/,False
DM-COA,,,DM,https://gov-id-finder.codeforiati.org/countries/DM/,False
DO-COA,,,DO,https://gov-id-finder.codeforiati.org/countries/DO/,False
DZ-COA,,,DZ,https://gov-id-finder.codeforiati.org/countries/DZ/,False
EC-COA,,,EC,https://gov-id-finder.codeforiati.org/countries/EC/,False
EC-RUC,,,EC,http://www.sri.gob.ec/web/guest/RUC,True
EE-COA,,,EE,https://gov-id-finder.codeforiati.org/countries/EE/,False
EE-KMKR,,,EE,http://www.rik.ee/en/e-business-register,True
EE-RIK,,,EE,http://www.rik.ee/en/e-business-register,False
EG-COA,,,EG,https://gov-id-finder.codeforiati.org/countries/EG/,False
EG-CR,,,EG,http://itda.gov.eg/,True
EG-MOSS,,,EG,http://www.moss.gov.eg/,False
EH-COA,,,EH,https://gov-id-finder.codeforiati.org/countries/EH/,False
ER-COA,,,ER,https://gov-id-finder.codeforiati.org/countries/ER/,False
ES-COA,,,ES,https://gov-id-finder.codeforiati.org/countries/ES/,False
ES-DIR3,,,ES,http://administracionelectronica.gob.es/ctt/dir3/descargas,False
ES-MDJ,,,ES,https://www.mjusticia.gob.es/ca/ciudadania/registros,True
ES-NIF,,,ES,http://www.agenciatributaria.es/AEAT.internet/en_gb/Inicio/La_Agencia_Tributaria/Campanas/Censos__NIF_y_domicilio_fiscal/Empresas_y_profesionales__Declaracion_censal__Modelos_036_y_037/Informacion/NIF_de_personas_juridicas_y_entidades.shtml,False
ES-RMC,,,ES,http://www.rmc.es/Home.aspx,True
ET-COA,,,ET,https://gov-id-finder.codeforiati.org/countries/ET/,True
ET-CSA,,,ET,http://www.chsa.gov.et/,False
ET-MFA,,,ET,http://www.mfa.gov.et/,False
ET-MOT,,,ET,http://www.mot.gov.et,False
FI-COA,,,FI,https://gov-id-finder.codeforiati.org/countries/FI/,False
FI-PRO,,,FI,http://www.prh.fi/en/index.html,True
FI-VERO,,,FI,https://www.ytj.fi/en/index/vatnumber.html,True
FJ-COA,,,FJ,https://gov-id-finder.codeforiati.org/countries/FJ/,False
FK-COA,,,FK,https://gov-id-finder.codeforiati.org/countries/FK/,False
FM-COA,,,FM,https://gov-id-finder.codeforiati.org/countries/FM/,False
FO-COA,,,FO,https://gov-id-finder.codeforiati.org/countries/FO/,False
FR-COA,,,FR,https://gov-id-finder.codeforiati.org/countries/FR/,False
FR-INSEE,,,FR,http://www.insee.fr/fr/service/default.asp?page=entreprises/entreprise.htm,False
FR-RCS,,,FR,http://www.infogreffe.fr,False
GA-COA,,,GA,https://gov-id-finder.codeforiati.org/countries/GA/,False
GB-CASC,,,GB,https://github.com/ThreeSixtyGiving/cascs/blob/master/readme.md,True
GB-CHC,,,GB,https://www.gov.uk/government/organisations/charity-commission,True
GB-COA,,,GB,https://gov-id-finder.codeforiati.org/countries/GB/,False
GB-COE,,,GB,https://facultyonline.churchofengland.org/churches,True
GB-COH,,,GB,http://www.companieshouse.gov.uk/,True
GB-EDU,,,GB,https://get-information-schools.service.gov.uk,True
GB-GOR,,,GB,https://github.com/openregister/registers-data-archive,True
GB-GOV,,,GB,http://data.gov.uk/dataset/iati-organisation-identifier-for-uk-government-bodies,False
GB-GOVUK,,,GB,https://www.gov.uk/government/organisations,False
GB-HESA,,,GB,https://www.hesa.ac.uk/support/providers,True
GB-IRN,,,GB,https://www.education-ni.gov.uk/services/schools-plus,True
GB-LAE,,,GB,https://local-authority-eng.register.gov.uk/records?page-index=1&page-size=5000,True
GB-LANI,,,GB,https://www.registers.service.gov.uk/registers/local-authority-nir,True
GB-LAS,,,GB,https://local-authority-sct.register.gov.uk/,True
GB-MPR,,,GB,https://mutuals.fca.org.uk/,True
GB-NHS,,,GB,https://digital.nhs.uk/organisation-data-service,True
GB-NIC,,,GB,http://www.charitycommissionni.org.uk/charity-search/,True
GB-PLA,,,GB,https://principal-local-authority.register.gov.uk/records,True
GB-REV,,,GB,http://www.hmrc.gov.uk/,False
GB-SC,,,GB,http://www.oscr.org.uk/,False
GB-SCOTEDU,,,GB,https://www2.gov.scot/Topics/Statistics/Browse/School-Education/Datasets/contactdetails,True
GB-SHPE,,,GB,https://social-housing-provider-eng.alpha.openregister.org/,True
GB-SRS,,,GB,https://supplierregistration.cabinetoffice.gov.uk/,True
GB-UKPRN,,,GB,https://www.ukrlp.co.uk/,False
GB-WALEDU,,,GB,https://gov.wales/address-list-schools,True
GD-COA,,,GD,https://gov-id-finder.codeforiati.org/countries/GD/,False
GE-COA,,,GE,https://gov-id-finder.codeforiati.org/countries/GE/,False
GE-NAPR,,,GE,https://enreg.reestri.gov.ge/main.php?m=new_index,False
GE-RS,,,GE,http://www.rs.ge/5385,True
GF-COA,,,GF,https://gov-id-finder.codeforiati.org/countries/GF/,False
GG-COA,,,GG,https://gov-id-finder.codeforiati.org/countries/GG/,False
GG-RCE,,,GG,http://www.guernseyregistry.com/,False
GH-COA,,,GH,https://gov-id-finder.codeforiati.org/countries/GH/,True
GH-DSW,,,GH,http://mogcsp.gov.gh/department-of-social-developments/,False
GH-RGD,,,GH,http://rgd.gov.gh/,True
GI-COA,,,GI,https://gov-id-finder.codeforiati.org/countries/GI/,False
GL-COA,,,GL,https://gov-id-finder.codeforiati.org/countries/GL/,False
GM-COA,,,GM,https://gov-id-finder.codeforiati.org/countries/GM/,True
GN-COA,,,GN,https://gov-id-finder.codeforiati.org/countries/GN/,True
GP-COA,,,GP,https://gov-id-finder.codeforiati.org/countries/GP/,False
GQ-COA,,,GQ,https://gov-id-finder.codeforiati.org/countries/GQ/,False
GR-COA,,,GR,https://gov-id-finder.codeforiati.org/countries/GR/,False
GS-COA,,,GS,https://gov-id-finder.codeforiati.org/countries/GS/,False
GT-CISP,,,GT,http://www.minfin.gob.gt/,True
GT-COA,,,GT,https://gov-id-finder.codeforiati.org/countries/GT/,False
GT-NIT,,,GT,https://portal.sat.gob.gt/portal/,True
GT-RPJ,,,GT,https://mingob.gob.gt/mingobsites/repeju/,True
GU-COA,,,GU,https://gov-id-finder.codeforiati.org/countries/GU/,False
GW-COA,,,GW,https://gov-id-finder.codeforiati.org/countries/GW/,True
GY-COA,,,GY,https://gov-id-finder.codeforiati.org/countries/GY/,False
HK-COA,,,HK,https://gov-id-finder.codeforiati.org/countries/HK/,False
HK-CR,,,HK,https://www.icris.cr.gov.hk/csci/,True
HM-COA,,,HM,https://gov-id-finder.codeforiati.org/countries/HM/,False
HN-COA,,,HN,https://gov-id-finder.codeforiati.org/countries/HN/,False
HN-RTN,,,HN,https://sde.gob.hn/registro-tributario-nacional-numerico-rtn/,True
HR-COA,,,HR,https://gov-id-finder.codeforiati.org/countries/HR/,False
HR-MBS,,,HR,https://sudreg.pravosudje.hr/registar,True
HR-OIB,,,HR,https://sudreg.pravosudje.hr/registar/f?p=150:1,True
HT-COA,,,HT,https://gov-id-finder.codeforiati.org/countries/HT/,True
HU-AFA,,,HU,http://www.e-cegjegyzek.hu/?cegkereses,True
HU-COA,,,HU,https://gov-id-finder.codeforiati.org/countries/HU/,False
ID-COA,,,ID,https://gov-id-finder.codeforiati.org/countries/ID/,True
ID-DJP,,,ID,http://ceknpwp.com/,True
ID-KDN,,,ID,http://www.kemendagri.go.id/,False
ID-KHH,,,ID,http://www.kemenkumham.go.id/,False
ID-KLN,,,ID,http://www.kemlu.go.id/,False
ID-PRO,,,ID,http://www.satulayanan.net/layanan/pendaftaran-lsm-atau-ormas/perizinan-lsm-atau-ormas-baru,False
ID-SMR,,,ID,http://www.smeru.or.id/en,False
IE-CHY,,,IE,https://www.charitiesregulatoryauthority.ie/,False
IE-COA,,,IE,https://gov-id-finder.codeforiati.org/countries/IE/,False
IE-CRO,,,IE,http://www.cro.ie/,False
IL-COA,,,IL,https://gov-id-finder.codeforiati.org/countries/IL/,False
IL-RA,,,IL,http://www.justice.gov.il/Units/RasutHataagidim/apps/Pages/RashamAmutot.aspx,True
IL-ROC,,,IL,http://www.justice.gov.il/Units/RasutHataagidim/units/RashamHachvarot/Pages/default.aspx,True
IM-COA,,,IM,https://gov-id-finder.codeforiati.org/countries/IM/,False
IM-CR,,,IM,https://www.gov.im/categories/business-and-industries/companies-registry,False
IM-GR,,,IM,http://www.gov.im/registries/courts/charities/,True
IN-COA,,,IN,https://gov-id-finder.codeforiati.org/countries/IN/,False
IN-MCA,,,IN,http://www.mca.gov.in/,True
IN-MHA,,,IN,https://fcraonline.nic.in/,False
IO-COA,,,IO,https://gov-id-finder.codeforiati.org/countries/IO/,False
IQ-COA,,,IQ,https://gov-id-finder.codeforiati.org/countries/IQ/,False
IQ-NGO,,,IQ,http://www.ngoao.gov.iq/,False
IR-COA,,,IR,https://gov-id-finder.codeforiati.org/countries/IR/,False
IS-COA,,,IS,https://gov-id-finder.codeforiati.org/countries/IS/,False
IS-KEN,,,IS,https://www.skra.is/,True
IT-CF,,,IT,http://www.registroimprese.it/,True
IT-COA,,,IT,https://gov-id-finder.codeforiati.org/countries/IT/,False
IT-CUUO,,,IT,https://www.indicepa.gov.it/ipa-portale/,True
IT-RI,,,IT,http://www.registroimprese.it/,True
JE-COA,,,JE,https://gov-id-finder.codeforiati.org/countries/JE/,False
JE-FSC,,,JE,http://www.jerseyfsc.org/index.asp,False
JE-JCR,,,JE,https://charitycommissioner.je/,True
JE-OAC,,,JE,http://www.jerseyoverseasaid.org.je/,False
JM-COA,,,JM,https://gov-id-finder.codeforiati.org/countries/JM/,True
JO-CCD,,,JO,http://www.ccd.gov.jo/,True
JO-COA,,,JO,https://gov-id-finder.codeforiati.org/countries/JO/,True
JO-MSD,,,JO,http://www.societies.gov.jo/,True
JP-COA,,,JP,https://gov-id-finder.codeforiati.org/countries/JP/,False
JP-JCN,,,JP,http://www.houjin-bangou.nta.go.jp/,True
KE-COA,,,KE,https://gov-id-finder.codeforiati.org/countries/KE/,True
KE-KRA,,,KE,https://www.kra.go.ke/individual/individual-pin-registration/learn-about-pin/about-pin,False
KE-NCB,,,KE,http://www.ngobureau.or.ke/,False
KE-RCO,,,KE,http://www.attorney-general.go.ke/,False
KE-RSO,,,KE,http://www.attorney-general.go.ke/,False
KG-COA,,,KG,https://gov-id-finder.codeforiati.org/countries/KG/,True
KG-ID,,,KG,http://register.minjust.gov.kg/register/SearchAction.seam?logic=and&cid=204,True
KG-INN,,,KG,http://register.minjust.gov.kg/register/SearchAction.seam?logic=and&cid=205,True
KG-OKPO,,,KG,http://register.minjust.gov.kg/register/SearchAction.seam,True
KG-TIN,,,KG,http://register.minjust.gov.kg/register/SearchAction.seam,True
KH-COA,,,KH,https://gov-id-finder.codeforiati.org/countries/KH/,True
KH-INGO,,,KH,https://www.mfaic.gov.kh/,True
KH-NNGO,,,KH,https://cambodiacounsel.com/ngo-registration/,False
KI-COA,,,KI,https://gov-id-finder.codeforiati.org/countries/KI/,True
KM-COA,,,KM,https://gov-id-finder.codeforiati.org/countries/KM/,False
KN-COA,,,KN,https://gov-id-finder.codeforiati.org/countries/KN/,True
KP-COA,,,KP,https://gov-id-finder.codeforiati.org/countries/KP/,False
KR-BRN,,,KR,http://www.nts.go.kr,True
KR-COA,,,KR,https://gov-id-finder.codeforiati.org/countries/KR/,False
KW-COA,,,KW,https://gov-id-finder.codeforiati.org/countries/KW/,False
KY-COA,,,KY,https://gov-id-finder.codeforiati.org/countries/KY/,False
KZ-BIN,,,KZ,http://kgd.gov.kz/en/services/taxpayer_search/legal_entity,True
KZ-COA,,,KZ,https://gov-id-finder.codeforiati.org/countries/KZ/,False
LA-COA,,,LA,https://gov-id-finder.codeforiati.org/countries/LA/,True
LB-COA,,,LB,https://gov-id-finder.codeforiati.org/countries/LB/,False
LB-CR,,,LB,http://cr.justice.gov.lb/desc/desc.aspx,True
LB-MOI,,,LB,http://www.interior.gov.lb/,False
LC-COA,,,LC,https://gov-id-finder.codeforiati.org/countries/LC/,False
LI-COA,,,LI,https://gov-id-finder.codeforiati.org/countries/LI/,False
LK-COA,,,LK,https://gov-id-finder.codeforiati.org/countries/LK/,False
LK-DRC,,,LK,http://www.drc.gov.lk/,True
LK-NGO,,,LK,http://www.ngosecretariat.gov.lk/,True
LR-COA,,,LR,https://gov-id-finder.codeforiati.org/countries/LR/,True
LR-MFDPNGO,,,LR,https://www.mfdp.gov.lr/index.php/budget-planning/assistant-min-regional-sectoral/ngo-unit,False
LS-COA,,,LS,https://gov-id-finder.codeforiati.org/countries/LS/,True
LS-LCN,,,LS,http://www.lcn.org.ls/,False
LT-COA,,,LT,https://gov-id-finder.codeforiati.org/countries/LT/,False
LT-PVM,,,LT,https://www.vmi.lt/,True
LT-RC,,,LT,http://www.registrucentras.lt/jar/index_en.php,True
LU-COA,,,LU,https://gov-id-finder.codeforiati.org/countries/LU/,False
LU-RCS,,,LU,https://www.lbr.lu/,True
LV-COA,,,LV,https://gov-id-finder.codeforiati.org/countries/LV/,False
LV-RE,,,LV,http://www.ur.gov.lv/,True
LY-COA,,,LY,https://gov-id-finder.codeforiati.org/countries/LY/,False
MA-COA,,,MA,https://gov-id-finder.codeforiati.org/countries/MA/,False
MC-COA,,,MC,https://gov-id-finder.codeforiati.org/countries/MC/,False
MC-RCI,,,MC,https://service-public-entreprises.gouv.mc/Creation-d-activite/Demarches-de-creation/Immatriculation-et-declaration-d-existence/Le-Repertoire-du-Commerce-et-de-l-Industrie-RCI,True
MD-COA,,,MD,https://gov-id-finder.codeforiati.org/countries/MD/,False
MD-IDNO,,,MD,http://www.idno.md/,True
ME-COA,,,ME,https://gov-id-finder.codeforiati.org/countries/ME/,False
MF-COA,,,MF,https://gov-id-finder.codeforiati.org/countries/MF/,False
MG-COA,,,MG,https://gov-id-finder.codeforiati.org/countries/MG/,True
MG-NIF,,,MG,https://www.impots.mg/,False
MH-COA,,,MH,https://gov-id-finder.codeforiati.org/countries/MH/,False
MK-COA,,,MK,https://gov-id-finder.codeforiati.org/countries/MK/,False
ML-CCIM,,,ML,http://www.cci.ml/,False
ML-COA,,,ML,https://gov-id-finder.codeforiati.org/countries/ML/,True
ML-MAT,,,ML,http://www.matcl.gov.ml/,False
ML-NIF,,,ML,http://demarchesadministratives.gouv.ml/demarches/afficher/Numero-d-Identification-Fiscale-NIF,False
MM-COA,,,MM,https://gov-id-finder.codeforiati.org/countries/MM/,True
MM-MHA,,,MM,,False
MN-COA,,,MN,https://gov-id-finder.codeforiati.org/countries/MN/,False
MO-COA,,,MO,https://gov-id-finder.codeforiati.org/countries/MO/,False
MP-COA,,,MP,https://gov-id-finder.codeforiati.org/countries/MP/,False
MQ-COA,,,MQ,https://gov-id-finder.codeforiati.org/countries/MQ/,False
MR-COA,,,MR,https://gov-id-finder.codeforiati.org/countries/MR/,True
MS-COA,,,MS,https://gov-id-finder.codeforiati.org/countries/MS/,False
MT-COA,,,MT,https://gov-id-finder.codeforiati.org/countries/MT/,False
MU-COA,,,MU,https://gov-id-finder.codeforiati.org/countries/MU/,False
MU-CR,,,MU,http://companies.govmu.org/,True
MV-COA,,,MV,https://gov-id-finder.codeforiati.org/countries/MV/,False
MW-CNM,,,MW,http://www.congoma.mw,False
MW-COA,,,MW,https://gov-id-finder.codeforiati.org/countries/MW/,True
MW-MRA,,,MW,http://www.mra.mw/,False
MW-NBM,,,MW,http://ngoboardmalawi.mw/directory.php,False
MW-RG,,,MW,https://www.registrargeneral.gov.mw/index.html,False
MX-CMX_CPA,,,MX,https://datos.cdmx.gob.mx/dataset/entes-publicos-de-la-ciudad-de-mexico,True
MX-COA,,,MX,https://gov-id-finder.codeforiati.org/countries/MX/,False
MX-CPA,,,MX,http://www.transparenciapresupuestaria.gob.mx/work/models/PTP/DatosAbiertos/Metadatos/catalogos_presupuestarios.xlsx,True
MX-RFC,,,MX,https://portalsat.plataforma.sat.gob.mx/ConsultaRFC/,False
MY-COA,,,MY,https://gov-id-finder.codeforiati.org/countries/MY/,False
MY-SSM,,,MY,http://www.ssm.com.my/ms,True
MZ-COA,,,MZ,https://gov-id-finder.codeforiati.org/countries/MZ/,True
MZ-CR,,,MZ,http://www.portaldogoverno.gov.mz/Empresas/Registos/Registo-de-Sociedades,False
MZ-MOJ,,,MZ,http://www.commonwealthofnations.org/sectors-mozambique/civil_society/,False
MZ-NUIT,,,MZ,http://www.at.gov.mz/eng/Internacional-Trade/FAQ-s/NUIT,False
NA-COA,,,NA,https://gov-id-finder.codeforiati.org/countries/NA/,False
NA-NAMRA,,,NA,https://www.namra.org.na/,False
NC-COA,,,NC,https://gov-id-finder.codeforiati.org/countries/NC/,False
NE-COA,,,NE,https://gov-id-finder.codeforiati.org/countries/NE/,True
NE-DGI,,,NE,https://www.impots.gouv.ne/index.php/formalites/gestion-d-entreprise-nif/creation-d-entreprise-nif,False
NF-COA,,,NF,https://gov-id-finder.codeforiati.org/countries/NF/,False
NG-BPP,,,NG,http://federalcontractors.bpp.gov.ng/,True
NG-CAC,,,NG,http://new.cac.gov.ng/home/,False
NG-COA,,,NG,https://gov-id-finder.codeforiati.org/countries/NG/,False
NG-TIN,,,NG,https://apps.firs.gov.ng/tinverification/,True
NI-COA,,,NI,https://gov-id-finder.codeforiati.org/countries/NI/,True
NL-COA,,,NL,https://gov-id-finder.codeforiati.org/countries/NL/,False
NL-KVK,,,NL,https://www.kvk.nl/zoeken/handelsregister/,False
NL-OWMS,,,NL,http://standaarden.overheid.nl/owms/4.0/doc/waardelijsten,False
NO-BRC,,,NO,http://www.brreg.no/,False
NO-COA,,,NO,https://gov-id-finder.codeforiati.org/countries/NO/,False
NP-COA,,,NP,https://gov-id-finder.codeforiati.org/countries/NP/,True
NP-CRO,,,NP,http://www.cro.gov.np/,False
NP-IRD,,,NP,https://ird.gov.np/,True
NP-SWC,,,NP,http://www.swc.org.np/,False
NR-COA,,,NR,https://gov-id-finder.codeforiati.org/countries/NR/,True
NU-COA,,,NU,https://gov-id-finder.codeforiati.org/countries/NU/,False
NZ-COA,,,NZ,https://gov-id-finder.codeforiati.org/countries/NZ/,False
OM-COA,,,OM,https://gov-id-finder.codeforiati.org/countries/OM/,False
PA-COA,,,PA,https://gov-id-finder.codeforiati.org/countries/PA/,False
PA-PRP,,,PA,https://www.panadata.net/en/organizaciones,True
PE-COA,,,PE,https://gov-id-finder.codeforiati.org/countries/PE/,False
PE-RUC,,,PE,https://www.sunat.gob.pe/,True
PE-SUNARP,,,PE,https://www.sunarp.gob.pe/dn-personas-juridicas.asp,True
PF-COA,,,PF,https://gov-id-finder.codeforiati.org/countries/PF/,False
PG-COA,,,PG,https://gov-id-finder.codeforiati.org/countries/PG/,True
PH-COA,,,PH,https://gov-id-finder.codeforiati.org/countries/PH/,False
PH-SEC,,,PH,http://www.sec.gov.ph/,True
PK-COA,,,PK,https://gov-id-finder.codeforiati.org/countries/PK/,False
PK-NTN,,,PK,https://e.fbr.gov.pk/esbn/Verification#,True
PK-PCP,,,PK,http://pcp.org.pk/index.php,False
PK-SEC,,,PK,https://www.secp.gov.pk/,True
PK-VSWA,,,PK,http://social_welfare.kp.gov.pk/,False
PL-COA,,,PL,https://gov-id-finder.codeforiati.org/countries/PL/,False
PL-KRS,,,PL,https://ems.ms.gov.pl/krs/wyszukiwaniepodmiotu,True
PL-NIP,,,PL,https://pl.wikipedia.org/wiki/NIP,True
PL-REGON,,,PL,"http://stat.gov.pl/en/metainformations/glossary/terms-used-in-official-statistics/2963,term.html",True
PM-COA,,,PM,https://gov-id-finder.codeforiati.org/countries/PM/,False
PN-COA,,,PN,https://gov-id-finder.codeforiati.org/countries/PN/,False
PR-COA,,,PR,https://gov-id-finder.codeforiati.org/countries/PR/,False
PS-COA,,,PS,https://gov-id-finder.codeforiati.org/countries/PS/,False
PS-MOI,,,PS,http://www.moi.pna.ps/NGOs/List,False
PS-TIN,,,PS,http://www.pmof.ps/,False
PT-COA,,,PT,https://gov-id-finder.codeforiati.org/countries/PT/,False
PT-NIPPC,,,PT,https://www.portaldocidadao.pt/,True
PW-COA,,,PW,https://gov-id-finder.codeforiati.org/countries/PW/,True
PY-COA,,,PY,https://gov-id-finder.codeforiati.org/countries/PY/,False
PY-PGN,,,PY,http://www.hacienda.gov.py/web-hacienda/archivo.php?a=keke1117221b211c20db1d141bdedcdde2db1019ke2016131610ke111c1fdedcdde2da1d1113ke0ac&x=6262001&y=keke0ac,True
PY-RUC,,,PY,http://www.hacienda.gov.py/web-hacienda/index.php?c=77,True
QA-COA,,,QA,https://gov-id-finder.codeforiati.org/countries/QA/,False
RE-COA,,,RE,https://gov-id-finder.codeforiati.org/countries/RE/,False
RO-COA,,,RO,https://gov-id-finder.codeforiati.org/countries/RO/,False
RO-CUI,,,RO,http://www.onrc.ro/index.php/ro/,True
RS-APR,,,RS,http://www.apr.gov.rs/eng/Home.aspx,False
RS-COA,,,RS,https://gov-id-finder.codeforiati.org/countries/RS/,False
RS-PIB,,,RS,http://www.poreskauprava.gov.rs/pib.html,True
RU-COA,,,RU,https://gov-id-finder.codeforiati.org/countries/RU/,False
RU-INN,,,RU,https://russianpartner.biz/,True
RU-OGRN,,,RU,https://www.egrul.ru/,True
RW-COA,,,RW,https://gov-id-finder.codeforiati.org/countries/RW/,True
RW-RGB,,,RW,http://rgb.rw/,False
RW-RRA,,,RW,https://www.rra.gov.rw/index.php?id=45&L=1%27A%3D0,False
SA-COA,,,SA,https://gov-id-finder.codeforiati.org/countries/SA/,False
SB-COA,,,SB,https://gov-id-finder.codeforiati.org/countries/SB/,True
SC-COA,,,SC,https://gov-id-finder.codeforiati.org/countries/SC/,False
SD-COA,,,SD,https://gov-id-finder.codeforiati.org/countries/SD/,False
SE-BLV,,,SE,http://www.bolagsverket.se/,False
SE-COA,,,SE,https://gov-id-finder.codeforiati.org/countries/SE/,False
SE-KK,,,SE,https://www.kammarkollegiet.se/,False
SE-ON,,,SE,http://www.bolagsverket.se/ff/foretagsformer/organisationsnummer-1.7902,True
SG-ACRA,,,SG,http://www.acra.gov.sg/,False
SG-COA,,,SG,https://gov-id-finder.codeforiati.org/countries/SG/,False
SG-COC,,,SG,https://www.charities.gov.sg/Pages/Home.aspx,True
SH-COA,,,SH,https://gov-id-finder.codeforiati.org/countries/SH/,False
SI-COA,,,SI,https://gov-id-finder.codeforiati.org/countries/SI/,False
SI-PRS,,,SI,http://www.ajpes.eu/prs/,True
SI-TIN,,,SI,https://www.ajpes.eu/,True
SJ-COA,,,SJ,https://gov-id-finder.codeforiati.org/countries/SJ/,False
SK-COA,,,SK,https://gov-id-finder.codeforiati.org/countries/SK/,False
SK-ICO,,,SK,https://rpo.statistics.sk/,True
SK-ORSR,,,SK,http://www.orsr.sk/search_subjekt.asp?lan=en,False
SK-ZRSR,,,SK,http://www.orsr.sk/search_subjekt.asp?lan=en,False
SL-COA,,,SL,https://gov-id-finder.codeforiati.org/countries/SL/,True
SL-NRA,,,SL,https://nra.gov.sl/taxpayer-identification-number,False
SL-OARG,,,SL,http://www.oarg.gov.sl/,False
SM-COA,,,SM,https://gov-id-finder.codeforiati.org/countries/SM/,False
SN-COA,,,SN,https://gov-id-finder.codeforiati.org/countries/SN/,True
SN-NINEA,,,SN,http://creationdentreprise.sn/en/finding-business,True
SO-COA,,,SO,https://gov-id-finder.codeforiati.org/countries/SO/,True
SO-MPND,,,SO,https://mopnd.govsomaliland.org/article/about-mopnd/,False
SR-COA,,,SR,https://gov-id-finder.codeforiati.org/countries/SR/,False
SS-COA,,,SS,https://gov-id-finder.codeforiati.org/countries/SS/,False
SS-RRC,,,SS,,False
ST-COA,,,ST,https://gov-id-finder.codeforiati.org/countries/ST/,False
SV-COA,,,SV,https://gov-id-finder.codeforiati.org/countries/SV/,False
SV-NIT,,,SV,https://www.transparencia.gob.sv/institutions/dgii/services/7180,False
SX-COA,,,SX,https://gov-id-finder.codeforiati.org/countries/SX/,False
SY-COA,,,SY,https://gov-id-finder.codeforiati.org/countries/SY/,False
SZ-CIT,,,SZ,https://www.gov.sz/index.php/ministries-departments/minnistry-of-commerce,True
SZ-COA,,,SZ,https://gov-id-finder.codeforiati.org/countries/SZ/,False
TC-COA,,,TC,https://gov-id-finder.codeforiati.org/countries/TC/,False
TD-COA,,,TD,https://gov-id-finder.codeforiati.org/countries/TD/,True
TF-COA,,,TF,https://gov-id-finder.codeforiati.org/countries/TF/,False
TG-COA,,,TG,https://gov-id-finder.codeforiati.org/countries/TG/,True
TH-COA,,,TH,https://gov-id-finder.codeforiati.org/countries/TH/,False
TH-MOI,,,TH,https://moi.go.th/moi/,False
TH-TIN,,,TH,https://www.rd.go.th/publish/272.0.html,False
TJ-COA,,,TJ,https://gov-id-finder.codeforiati.org/countries/TJ/,True
TK-COA,,,TK,https://gov-id-finder.codeforiati.org/countries/TK/,False
TL-COA,,,TL,https://gov-id-finder.codeforiati.org/countries/TL/,True
TM-COA,,,TM,https://gov-id-finder.codeforiati.org/countries/TM/,False
TN-COA,,,TN,https://gov-id-finder.codeforiati.org/countries/TN/,False
TN-RNE,,,TN,https://www.registre-entreprises.tn/rne-public/#/recherche-pm,False
TO-COA,,,TO,https://gov-id-finder.codeforiati.org/countries/TO/,False
TR-COA,,,TR,https://gov-id-finder.codeforiati.org/countries/TR/,False
TR-MERSIS,,,TR,https://mersis.gtb.gov.tr/,True
TR-MOI,,,TR,https://www.dernekler.gov.tr/,False
TT-COA,,,TT,https://gov-id-finder.codeforiati.org/countries/TT/,False
TV-COA,,,TV,https://gov-id-finder.codeforiati.org/countries/TV/,False
TW-COA,,,TW,https://gov-id-finder.codeforiati.org/countries/TW/,False
TZ-BRLA,,,TZ,http://www.brela.go.tz/,False
TZ-COA,,,TZ,https://gov-id-finder.codeforiati.org/countries/TZ/,True
TZ-NNCB,,,TZ,http://www.tnnc.go.tz,False
TZ-TRA,,,TZ,https://www.tra.go.tz/index.php,False
UA-COA,,,UA,https://gov-id-finder.codeforiati.org/countries/UA/,False
UA-EDR,,,UA,https://usr.minjust.gov.ua/ua/home,False
UG-204CBO,,,UG,https://www.ngobureau.go.ug/en/services/community-based-organisations,False
UG-COA,,,UG,https://gov-id-finder.codeforiati.org/countries/UG/,True
UG-NGB,,,UG,http://www.mia.go.ug/?page_id=62,False
UG-NGO,,,UG,https://ngobureau.go.ug/,True
UG-RSB,,,UG,http://www.ursb.go.ug/,False
UM-COA,,,UM,https://gov-id-finder.codeforiati.org/countries/UM/,False
US-COA,,,US,https://gov-id-finder.codeforiati.org/countries/US/,False
US-DOS,,,US,http://www.companieshouse.gov.uk/links/usaLink.shtml,False
US-EIN,,,US,https://apps.irs.gov/app/eos/,False
US-USAGOV,,,US,https://www.usa.gov/,False
UY-COA,,,UY,https://gov-id-finder.codeforiati.org/countries/UY/,False
UZ-COA,,,UZ,https://gov-id-finder.codeforiati.org/countries/UZ/,False
UZ-KTUT,,,UZ,https://my.gov.uz/uz/regService/413,False
VA-COA,,,VA,https://gov-id-finder.codeforiati.org/countries/VA/,False
VC-COA,,,VC,https://gov-id-finder.codeforiati.org/countries/VC/,False
VE-COA,,,VE,https://gov-id-finder.codeforiati.org/countries/VE/,False
VG-COA,,,VG,https://gov-id-finder.codeforiati.org/countries/VG/,False
VI-COA,,,VI,https://gov-id-finder.codeforiati.org/countries/VI/,False
VN-COA,,,VN,https://gov-id-finder.codeforiati.org/countries/VN/,False
VN-MOST,,,VN,https://www.most.gov.vn/en/Pages/home.aspx,False
VU-COA,,,VU,https://gov-id-finder.codeforiati.org/countries/VU/,False
WF-COA,,,WF,https://gov-id-finder.codeforiati.org/countries/WF/,False
WS-COA,,,WS,https://gov-id-finder.codeforiati.org/countries/WS/,False
XE-EXAMPLE,,,-,,False
XI-BRIDGE,,,-,https://bridge-registry.org/,True
XI-DUNS,,,XI,https://www.dnb.com/duns-number.html,True
XI-EORI,,,XI,http://ec.europa.eu/taxation_customs/dds2/eos/eori_validation.jsp,False
XI-GRID,,,-,https://www.grid.ac/,False
XI-IATI,,,-,http://iatistandard.org/codelists/IATIOrganisationIdentifier/,False
XI-LEI,,,XI,https://www.gleif.org/en/lei-data/global-lei-index,True
XI-PB,,,BR,http://publicbodies.org/,False
XI-PID,,,XI,https://permid.org,False
XI-ROR,,,XI,https://ror.community/,True
XI-WIKIDATA,,,XI,https://www.wikidata.org/,True
XK-COA,,,XK,https://gov-id-finder.codeforiati.org/countries/XK/,False
XM-DAC,,,-,http://www.oecd.org/dac/stats/dacandcrscodelists.htm,True
XM-OCHA,,,-,http://www.unocha.org,True
XR-EUCB,,,XI,https://publications.europa.eu/en/web/eu-vocabularies/at-dataset/-/resource/dataset/corporate-body?target=About,True
XR-NUTS,,,HR,http://ec.europa.eu/eurostat/web/nuts/local-administrative-units,False
YE-COA,,,YE,https://gov-id-finder.codeforiati.org/countries/YE/,False
YE-CR,,,YE,https://moit-ye.com/,True
YE-MSAL,,,YE,http://www.yemen.gov.ye/portal/mosal/%D8%A7%D9%84%D8%B1%D8%A6%D9%8A%D8%B3%D9%8A%D8%A9/tabid/2201/Default.aspx,False
YT-COA,,,YT,https://gov-id-finder.codeforiati.org/countries/YT/,False
ZA-CIP,,,ZA,http://www.cipro.gov.za/,False
ZA-CIT,,,ZA,https://www.sars.gov.za/,False
ZA-COA,,,ZA,https://gov-id-finder.codeforiati.org/countries/ZA/,False
ZA-NPO,,,ZA,http://www.npo.gov.za/,False
ZA-PBO,,,ZA,http://www.sars.gov.za/home.asp?pid=170,False
ZM-COA,,,ZM,https://gov-id-finder.codeforiati.org/countries/ZM/,True
ZM-PCR,,,ZM,http://www.pacra.org.zm/,False
ZM-RNGO,,,ZM,https://www.mcdsw.gov.zm/?page_id=5232,False
ZW-COA,,,ZW,https://gov-id-finder.codeforiati.org/countries/ZW/,True
ZW-PVO,,,ZW,,False
ZW-ROD,,,ZW,http://www.dcip.gov.zw/,False
ZZ-EBID,,,DE,https://www.ebid.org/en/,True
